Workbook

Sheet Read Me
A1: AI Governance Control Matrix — v2 (reconstructed)
A2: Scope: all AI use (chat, agentic, embedded) across all business units
A3: Frameworks referenced: ISO/IEC 42001, NIST AI RMF, EU AI Act, ISO 27001, SOC 2
A5: What changed from v1
A6: 1. Organising logic: controls now scale by consequence (BIGL level), not by channel (Chat / Agentic / Both).
A7: 2. New Governance Foundations domain: inventory, BIGL classification, impact assessment, named accountability.
A8: 3. Evidence split into design evidence (the control exists) and operating evidence (the control works).
A9: 4. Reasoning quality added: reasoning trace, validation before go-live, drift monitoring.
A10: 5. Gaps filled: approval fatigue, multi-agent chains, transparency to affected people, runaway cost.
A11: 6. Untestable or mislabelled controls rewritten (e.g. 'low-confidence output', Type labels).
A13: How to read the Control Matrix
A14: 'Applies from BIGL' = the lowest consequence level at which the control is mandatory. It applies at every level above too.
... A25: Editable fields: Owner, Frequency and Scaling text should be tailored to the organisation.

Sheet BIGL Key
A1: BIGL level | B1: Name | C1: Governing method | D1: Typical consequence of error | E1: Max autonomy tier (HO-02)
A2: 1 | B2: Ad-hoc | C2: Individual judgement | D2: Low; easily noticed and corrected; internal only | E2: Tier 3 (bounded autonomy)
A3: 2 | B3: Deliberated | C3: PDCA cycle | D3: Moderate; affects work products or internal decisions; reversible | E3: Tier 3 within defined bounds
A4: 3 | B4: Governed | C4: CIPDA + ROMER reasoning trace | D4: Significant; external, financial, legal or affecting individuals | E4: Tier 2 (approve)
A5: 4 | B5: Prescriptive | C5: Prescribed procedure, dual control | D5: Severe or irreversible; regulated high-risk | E5: Tier 1 (suggest) unless exempted
A7: Illustrative — consequence descriptions and autonomy ceilings to be aligned with the final BIGL definitions.

Sheet Control Matrix
A1: ID | B1: Domain | C1: Control | D1: Risk addressed | E1: Type | F1: Applies from BIGL | G1: Scaling by BIGL | H1: Accountable owner | I1: Design evidence | J1: Operating evidence | K1: Test frequency | L1: Framework mapping | M1: Status | N1: Change from v1
A2: AI-GV-01 | B2: Governance Foundations | C2: AI system & use-case register — every AI system and use case (including AI embedded in existing SaaS) recorded with accountable owner, purpose, data used, autonomy tier and BIGL level | D2: Shadow AI operates outside any control | E2: Preventive | F2: 1 | G2: BIGL 1: register entry only. BIGL 2+: entry must link to classification record (GV-02). BIGL 3+: link to impact assessment (GV-03) and validation evidence (OI-07). | H2: Head of AI Governance | I2: Register schema & procedure | J2: Quarterly reconciliation of register against procurement, SSO and expense data; unregistered use found and resolved | K2: Quarterly | L2: ISO 42001 (AI system inventory); NIST AI RMF GOVERN, MAP | M2: New | N2: Added: no inventory existed. Everything else depends on knowing what AI is in use.
A3: AI-GV-02 | B3: Governance Foundations | C3: Consequence classification (BIGL) — each use case classified by the consequence of an erroneous output or action, not by channel (chat vs agentic). Reclassified whenever scope, data or autonomy changes | D3: Controls applied disproportionately: too light where stakes are high, too heavy where they are low | E3: Preventive | F3: 1 | G3: Classification itself determines scaling for every other control in this matrix. | H3: Use-case owner (classifies); Head of AI Governance (approves) | I3: BIGL classification criteria | J3: Classification record with written rationale per use case; sample re-performed by second assessor | K3: On onboarding, on scope change, annual review | L3: EU AI Act risk tiers; NIST AI RMF MAP; ISO 42001 risk assessment | M3: New | N3: Replaces the Chat/Agentic/Both axis as the organising logic of the matrix.
A4: AI-GV-03 | B4: Governance Foundations | C4: Pre-deployment impact assessment — assess affected parties, fitness for purpose, failure modes and consequences before go-live | D4: A use case goes live that should not exist, or without understanding who it can harm | E4: Preventive | F4: 2 | G4: BIGL 2: short-form assessment by owner. BIGL 3: full assessment, independent sign-off. BIGL 4: full assessment plus external/legal review; fundamental-rights impact assessment where legally required. | H4: Use-case owner | I4: Impact assessment template | J4: Completed assessment signed off before go-live; go-live blocked without it | K4: Before deployment; on material change | L4: ISO 42001 AI system impact assessment; EU AI Act deployer duties / FRIA; NIST AI RMF MAP | M4: New | N4: Added: original matrix controlled changes to systems but never asked whether the use case should be deployed.
A5: AI-GV-04 | B5: Governance Foundations | C5: Named accountable individual — every use case and every control has a single named person accountable. Committees approve and oversee; they do not own | D5: Accountability diluted across a committee; nobody answers when a control fails | E5: Preventive | F5: 1 | G5: Applies uniformly. | H5: Head of AI Governance | I5: RACI for AI governance | J5: Ownership field complete for every register entry and control; spot check that owners know they own it | K5: Annual | L5: ISO 42001 roles & responsibilities; NIST AI RMF GOVERN | M5: New | N5: Replaces 'AI Governance Committee' as owner of five controls.
A6: AI-DG-01 | B6: Data Governance & Confidentiality | C6: Sensitive data input restriction — prohibit PII/PHI/PCI/trade secrets in consumer-tier AI tools; route through approved enterprise instances with a DPA | D6: Sensitive data leaves organisational control | E6: Preventive | F6: 1 | G6: Applies uniformly. | H6: Data Protection Officer | I6: DLP policy; approved-tool allowlist | J6: DLP block/alert log reviewed; allowlist exceptions approved | K6: Monthly log review | L6: ISO 27001; GDPR; SOC 2 CC6 | M6: Retained | N6: Operating evidence added (log review), not just policy export.
A7: AI-DG-02 | B7: Data Governance & Confidentiality | C7: Data residency & retention alignment — contract specifies residency, retention window and training opt-out | D7: Data retained or trained on beyond agreed terms | E7: Preventive | F7: 1 | G7: Applies uniformly. | H7: Legal / Procurement | I7: Signed DPA / vendor addendum | J7: Vendor attestation of opt-out status | K7: On contract and renewal | L7: GDPR; ISO 42001 third-party; SOC 2 CC9 | M7: Retained | N7: Unchanged in substance.
A8: AI-DG-03 | B8: Data Governance & Confidentiality | C8: Output classification inheritance — AI-generated content automatically inherits the highest classification label of its source data | D8: Sensitive output mislabelled or over-shared | E8: Preventive | F8: 2 | G8: BIGL 2+: automatic labelling. BIGL 3+: quarterly audit sample of labels. | H8: Data Governance Lead | I8: Labelling rule configuration | J8: Quarterly sample of AI outputs checked for correct label | K8: Quarterly | L8: ISO 27001 information classification | M8: Revised | N8: Type corrected Detective → Preventive (the audit is the detective element). Now applies to all channels, not agentic only.
A9: AI-DG-04 | B9: Data Governance & Confidentiality | C9: Retrieval scope limitation — any AI retrieving data (chat or agent) is bounded to what the invoking user is authorised to see | D9: AI bypasses access controls | E9: Preventive | F9: 1 | G9: Applies wherever the AI retrieves data. | H9: IT Security | I9: Permission-inheritance design | J9: Access-scope test results: attempt to retrieve out-of-scope data | K9: On change; annual | L9: ISO 27001 access control; SOC 2 CC6 | M9: Revised | N9: Extended from agentic-only to any AI with retrieval (chat assistants over document stores have the same risk).
A10: AI-AC-01 | B10: Access, Identity & Authentication | C10: SSO/MFA enforcement — all AI platforms via corporate SSO+MFA; no shared or anonymous logins | D10: Unauthorised or unattributable use | E10: Preventive | F10: 1 | G10: Applies uniformly. | H10: IT Security | I10: IdP configuration | J10: IdP provisioning report | K10: Quarterly | L10: ISO 27001; SOC 2 CC6 | M10: Retained | N10: Unchanged.
A11: AI-AC-02 | B11: Access, Identity & Authentication | C11: Least-privilege AI credentials — any AI that acts runs under a scoped service account, not the user's full credentials | D11: Over-permissioned AI causes broader damage | E11: Preventive | F11: 2 | G11: BIGL 2+: scoped accounts. BIGL 3+: time-limited tokens and permission review each quarter. | H11: IT Security | I11: Service-account design | J11: Service-account permission review | K11: Quarterly (BIGL 3+); annual otherwise | L11: ISO 27001; SOC 2 CC6 | M11: Revised | N11: Scaled by consequence rather than applied flatly.
A12: AI-AC-03 | B12: Access, Identity & Authentication | C12: Segregation of duties — AI-executed financial, HR or production transactions require a distinct human approver | D12: A single actor both triggers and approves | E12: Preventive | F12: 3 | G12: BIGL 3: distinct approver. BIGL 4: dual approval. | H12: Internal Controls | I12: Approval-workflow configuration | J12: Sample of transactions showing distinct initiator and approver | K12: Quarterly | L12: SOC 2 CC5; internal control frameworks | M12: Revised | N12: Trigger changed from 'agentic' to BIGL 3+.
A13: AI-AC-04 | B13: Access, Identity & Authentication | C13: Periodic access recertification — review of human and AI identities with AI access | D13: Access outlives justification | E13: Detective | F13: 1 | G13: BIGL 1–2: annual. BIGL 3+: quarterly. | H13: IT Security | I13: Recertification procedure | J13: Recertification sign-off | K13: Quarterly / annual | L13: ISO 27001; SOC 2 CC6 | M13: Revised | N13: Frequency scaled.
... A40: AI-RC-04 | B40: Regulatory & Policy Alignment | C40: Transparency to affected people — disclose when AI materially contributes to a decision about someone or produces content presented to them | D40: People affected by AI decisions are unaware and cannot challenge | E40: Preventive | F40: 2 | G40: BIGL 2: disclosure where content is AI-generated. BIGL 3+: explanation available on request. | H40: Use-case owner | I40: Disclosure standard | J40: Sample of communications checked for disclosure | K40: Annual | L40: EU AI Act transparency & deployer duties; GDPR | M40: New | N40: Added: no control covered the people on the receiving end.

Sheet Summary
A1: Controls mandatory at each BIGL level (cumulative) — calculated from Control Matrix
A3: Domain | B3: BIGL 1 | C3: BIGL 2 | D3: BIGL 3 | E3: BIGL 4 | F3: New | G3: Revised | H3: Retained
A4: Governance Foundations | B4: =COUNTIFS('Control Matrix'!$B$2:$B$40,$A4,'Control Matrix'!$F$2:$F$40,"<=1") -> 3 | C4: =COUNTIFS('Control Matrix'!$B$2:$B$40,$A4,'Control Matrix'!$F$2:$F$40,"<=2") -> 4 | D4: =COUNTIFS('Control Matrix'!$B$2:$B$40,$A4,'Control Matrix'!$F$2:$F$40,"<=3") -> 4 | E4: =COUNTIFS('Control Matrix'!$B$2:$B$40,$A4,'Control Matrix'!$F$2:$F$40,"<=4") -> 4 | F4: =COUNTIFS('Control Matrix'!$B$2:$B$40,$A4,'Control Matrix'!$M$2:$M$40,"New") -> 4 | G4: =COUNTIFS('Control Matrix'!$B$2:$B$40,$A4,'Control Matrix'!$M$2:$M$40,"Revised") -> 0 | H4: =COUNTIFS('Control Matrix'!$B$2:$B$40,$A4,'Control Matrix'!$M$2:$M$40,"Retained") -> 0
A5: Data Governance & Confidentiality | B5: =COUNTIFS('Control Matrix'!$B$2:$B$40,$A5,'Control Matrix'!$F$2:$F$40,"<=1") -> 3 | C5: =COUNTIFS('Control Matrix'!$B$2:$B$40,$A5,'Control Matrix'!$F$2:$F$40,"<=2") -> 4 | D5: =COUNTIFS('Control Matrix'!$B$2:$B$40,$A5,'Control Matrix'!$F$2:$F$40,"<=3") -> 4 | E5: =COUNTIFS('Control Matrix'!$B$2:$B$40,$A5,'Control Matrix'!$F$2:$F$40,"<=4") -> 4 | F5: =COUNTIFS('Control Matrix'!$B$2:$B$40,$A5,'Control Matrix'!$M$2:$M$40,"New") -> 0 | G5: =COUNTIFS('Control Matrix'!$B$2:$B$40,$A5,'Control Matrix'!$M$2:$M$40,"Revised") -> 2 | H5: =COUNTIFS('Control Matrix'!$B$2:$B$40,$A5,'Control Matrix'!$M$2:$M$40,"Retained") -> 2
A6: Access, Identity & Authentication | B6: =COUNTIFS('Control Matrix'!$B$2:$B$40,$A6,'Control Matrix'!$F$2:$F$40,"<=1") -> 2 | C6: =COUNTIFS('Control Matrix'!$B$2:$B$40,$A6,'Control Matrix'!$F$2:$F$40,"<=2") -> 3 | D6: =COUNTIFS('Control Matrix'!$B$2:$B$40,$A6,'Control Matrix'!$F$2:$F$40,"<=3") -> 4 | E6: =COUNTIFS('Control Matrix'!$B$2:$B$40,$A6,'Control Matrix'!$F$2:$F$40,"<=4") -> 4 | F6: =COUNTIFS('Control Matrix'!$B$2:$B$40,$A6,'Control Matrix'!$M$2:$M$40,"New") -> 0 | G6: =COUNTIFS('Control Matrix'!$B$2:$B$40,$A6,'Control Matrix'!$M$2:$M$40,"Revised") -> 3 | H6: =COUNTIFS('Control Matrix'!$B$2:$B$40,$A6,'Control Matrix'!$M$2:$M$40,"Retained") -> 1
A7: Human Oversight & Autonomy Boundaries | B7: =COUNTIFS('Control Matrix'!$B$2:$B$40,$A7,'Control Matrix'!$F$2:$F$40,"<=1") -> 1 | C7: =COUNTIFS('Control Matrix'!$B$2:$B$40,$A7,'Control Matrix'!$F$2:$F$40,"<=2") -> 4 | D7: =COUNTIFS('Control Matrix'!$B$2:$B$40,$A7,'Control Matrix'!$F$2:$F$40,"<=3") -> 5 | E7: =COUNTIFS('Control Matrix'!$B$2:$B$40,$A7,'Control Matrix'!$F$2:$F$40,"<=4") -> 5 | F7: =COUNTIFS('Control Matrix'!$B$2:$B$40,$A7,'Control Matrix'!$M$2:$M$40,"New") -> 1 | G7: =COUNTIFS('Control Matrix'!$B$2:$B$40,$A7,'Control Matrix'!$M$2:$M$40,"Revised") -> 4 | H7: =COUNTIFS('Control Matrix'!$B$2:$B$40,$A7,'Control Matrix'!$M$2:$M$40,"Retained") -> 0
A8: Output Integrity & Reasoning Quality | B8: =COUNTIFS('Control Matrix'!$B$2:$B$40,$A8,'Control Matrix'!$F$2:$F$40,"<=1") -> 1 | C8: =COUNTIFS('Control Matrix'!$B$2:$B$40,$A8,'Control Matrix'!$F$2:$F$40,"<=2") -> 5 | D8: =COUNTIFS('Control Matrix'!$B$2:$B$40,$A8,'Control Matrix'!$F$2:$F$40,"<=3") -> 7 | E8: =COUNTIFS('Control Matrix'!$B$2:$B$40,$A8,'Control Matrix'!$F$2:$F$40,"<=4") -> 7 | F8: =COUNTIFS('Control Matrix'!$B$2:$B$40,$A8,'Control Matrix'!$M$2:$M$40,"New") -> 3 | G8: =COUNTIFS('Control Matrix'!$B$2:$B$40,$A8,'Control Matrix'!$M$2:$M$40,"Revised") -> 3 | H8: =COUNTIFS('Control Matrix'!$B$2:$B$40,$A8,'Control Matrix'!$M$2:$M$40,"Retained") -> 1
A9: Third-Party & Model Risk | B9: =COUNTIFS('Control Matrix'!$B$2:$B$40,$A9,'Control Matrix'!$F$2:$F$40,"<=1") -> 3 | C9: =COUNTIFS('Control Matrix'!$B$2:$B$40,$A9,'Control Matrix'!$F$2:$F$40,"<=2") -> 3 | D9: =COUNTIFS('Control Matrix'!$B$2:$B$40,$A9,'Control Matrix'!$F$2:$F$40,"<=3") -> 3 | E9: =COUNTIFS('Control Matrix'!$B$2:$B$40,$A9,'Control Matrix'!$F$2:$F$40,"<=4") -> 3 | F9: =COUNTIFS('Control Matrix'!$B$2:$B$40,$A9,'Control Matrix'!$M$2:$M$40,"New") -> 0 | G9: =COUNTIFS('Control Matrix'!$B$2:$B$40,$A9,'Control Matrix'!$M$2:$M$40,"Revised") -> 2 | H9: =COUNTIFS('Control Matrix'!$B$2:$B$40,$A9,'Control Matrix'!$M$2:$M$40,"Retained") -> 1
A10: Monitoring, Logging & Audit | B10: =COUNTIFS('Control Matrix'!$B$2:$B$40,$A10,'Control Matrix'!$F$2:$F$40,"<=1") -> 3 | C10: =COUNTIFS('Control Matrix'!$B$2:$B$40,$A10,'Control Matrix'!$F$2:$F$40,"<=2") -> 5 | D10: =COUNTIFS('Control Matrix'!$B$2:$B$40,$A10,'Control Matrix'!$F$2:$F$40,"<=3") -> 5 | E10: =COUNTIFS('Control Matrix'!$B$2:$B$40,$A10,'Control Matrix'!$F$2:$F$40,"<=4") -> 5 | F10: =COUNTIFS('Control Matrix'!$B$2:$B$40,$A10,'Control Matrix'!$M$2:$M$40,"New") -> 1 | G10: =COUNTIFS('Control Matrix'!$B$2:$B$40,$A10,'Control Matrix'!$M$2:$M$40,"Revised") -> 2 | H10: =COUNTIFS('Control Matrix'!$B$2:$B$40,$A10,'Control Matrix'!$M$2:$M$40,"Retained") -> 2
A11: Incident Response & Model Failure | B11: =COUNTIFS('Control Matrix'!$B$2:$B$40,$A11,'Control Matrix'!$F$2:$F$40,"<=1") -> 2 | C11: =COUNTIFS('Control Matrix'!$B$2:$B$40,$A11,'Control Matrix'!$F$2:$F$40,"<=2") -> 3 | D11: =COUNTIFS('Control Matrix'!$B$2:$B$40,$A11,'Control Matrix'!$F$2:$F$40,"<=3") -> 3 | E11: =COUNTIFS('Control Matrix'!$B$2:$B$40,$A11,'Control Matrix'!$F$2:$F$40,"<=4") -> 3 | F11: =COUNTIFS('Control Matrix'!$B$2:$B$40,$A11,'Control Matrix'!$M$2:$M$40,"New") -> 0 | G11: =COUNTIFS('Control Matrix'!$B$2:$B$40,$A11,'Control Matrix'!$M$2:$M$40,"Revised") -> 2 | H11: =COUNTIFS('Control Matrix'!$B$2:$B$40,$A11,'Control Matrix'!$M$2:$M$40,"Retained") -> 1
A12: Regulatory & Policy Alignment | B12: =COUNTIFS('Control Matrix'!$B$2:$B$40,$A12,'Control Matrix'!$F$2:$F$40,"<=1") -> 3 | C12: =COUNTIFS('Control Matrix'!$B$2:$B$40,$A12,'Control Matrix'!$F$2:$F$40,"<=2") -> 4 | D12: =COUNTIFS('Control Matrix'!$B$2:$B$40,$A12,'Control Matrix'!$F$2:$F$40,"<=3") -> 4 | E12: =COUNTIFS('Control Matrix'!$B$2:$B$40,$A12,'Control Matrix'!$F$2:$F$40,"<=4") -> 4 | F12: =COUNTIFS('Control Matrix'!$B$2:$B$40,$A12,'Control Matrix'!$M$2:$M$40,"New") -> 1 | G12: =COUNTIFS('Control Matrix'!$B$2:$B$40,$A12,'Control Matrix'!$M$2:$M$40,"Revised") -> 2 | H12: =COUNTIFS('Control Matrix'!$B$2:$B$40,$A12,'Control Matrix'!$M$2:$M$40,"Retained") -> 1
A13: Total | B13: =SUM(B4:B12) -> 21 | C13: =SUM(C4:C12) -> 35 | D13: =SUM(D4:D12) -> 39 | E13: =SUM(E4:E12) -> 39 | F13: =SUM(F4:F12) -> 10 | G13: =SUM(G4:G12) -> 20 | H13: =SUM(H4:H12) -> 9
A15: v1 had 30 controls applied uniformly within each channel; v2 scales the control set with consequence.
